symbol,security,gics_sector,gics_sub_industry,headquarters_location,hq_city,hq_state,date_added,cik,founded
A,Agilent Technologies,Health Care,Life Sciences Tools & Services,"Santa Clara, California",Santa Clara,California,2000-06-05T00:00:00Z,1090872,1999
AAPL,Apple Inc.,Information Technology,"Technology Hardware, Storage & Peripherals","Cupertino, California",Cupertino,California,1982-11-30T00:00:00Z,320193,1977
ABBV,AbbVie,Health Care,Biotechnology,"North Chicago, Illinois",North Chicago,Illinois,2012-12-31T00:00:00Z,1551152,2013 (1888)
ABNB,Airbnb,Consumer Discretionary,"Hotels, Resorts & Cruise Lines","San Francisco, California",San Francisco,California,2023-09-18T00:00:00Z,1559720,2008
ABT,Abbott Laboratories,Health Care,Health Care Equipment,"North Chicago, Illinois",North Chicago,Illinois,1957-03-04T00:00:00Z,1800,1888
ACGL,Arch Capital Group,Financials,Property & Casualty Insurance,"Hamilton, Bermuda",Hamilton,Bermuda,2022-11-01T00:00:00Z,947484,1995
ACN,Accenture,Information Technology,IT Consulting & Other Services,"Dublin, Ireland",Dublin,Ireland,2011-07-06T00:00:00Z,1467373,1989
ADBE,Adobe Inc.,Information Technology,Application Software,"San Jose, California",San Jose,California,1997-05-05T00:00:00Z,796343,1982
ADI,Analog Devices,Information Technology,Semiconductors,"Wilmington, Massachusetts",Wilmington,Massachusetts,1999-10-12T00:00:00Z,6281,1965
ADM,Archer Daniels Midland,Consumer Staples,Agricultural Products & Services,"Chicago, Illinois",Chicago,Illinois,1957-03-04T00:00:00Z,7084,1902
ADP,Automatic Data Processing,Industrials,Human Resource & Employment Services,"Roseland, New Jersey",Roseland,New Jersey,1981-03-31T00:00:00Z,8670,1949
ADSK,Autodesk,Information Technology,Application Software,"San Francisco, California",San Francisco,California,1989-12-01T00:00:00Z,769397,1982
AEE,Ameren,Utilities,Multi-Utilities,"St. Louis, Missouri",St. Louis,Missouri,1991-09-19T00:00:00Z,1002910,1902
AEP,American Electric Power,Utilities,Electric Utilities,"Columbus, Ohio",Columbus,Ohio,1957-03-04T00:00:00Z,4904,1906
AES,AES Corporation,Utilities,Independent Power Producers & Energy Traders,"Arlington, Virginia",Arlington,Virginia,1998-10-02T00:00:00Z,874761,1981
AFL,Aflac,Financials,Life & Health Insurance,"Columbus, Georgia",Columbus,Georgia,1999-05-28T00:00:00Z,4977,1955
AIG,American International Group,Financials,Multi-line Insurance,"New York City, New York",New York City,New York,1980-03-31T00:00:00Z,5272,1919
AIZ,Assurant,Financials,Multi-line Insurance,"Atlanta, Georgia",Atlanta,Georgia,2007-04-10T00:00:00Z,1267238,1892
AJG,Arthur J. Gallagher & Co.,Financials,Insurance Brokers,"Rolling Meadows, Illinois",Rolling Meadows,Illinois,2016-05-31T00:00:00Z,354190,1927
AKAM,Akamai Technologies,Information Technology,Internet Services & Infrastructure,"Cambridge, Massachusetts",Cambridge,Massachusetts,2007-07-12T00:00:00Z,1086222,1998
ALB,Albemarle Corporation,Materials,Specialty Chemicals,"Charlotte, North Carolina",Charlotte,North Carolina,2016-07-01T00:00:00Z,915913,1994
ALGN,Align Technology,Health Care,Health Care Supplies,"Tempe, Arizona",Tempe,Arizona,2017-06-19T00:00:00Z,1097149,1997
ALL,Allstate,Financials,Property & Casualty Insurance,"Northbrook, Illinois",Northbrook,Illinois,1995-07-13T00:00:00Z,899051,1931
ALLE,Allegion,Industrials,Building Products,"Dublin, Ireland",Dublin,Ireland,2013-12-02T00:00:00Z,1579241,1908
AMAT,Applied Materials,Information Technology,Semiconductor Materials & Equipment,"Santa Clara, California",Santa Clara,California,1995-03-16T00:00:00Z,6951,1967
AMCR,Amcor,Materials,Paper & Plastic Packaging Products & Materials,"Warmley, Bristol, United Kingdom",Warmley,Bristol,2019-06-07T00:00:00Z,1748790,2019 (1860)
AMD,Advanced Micro Devices,Information Technology,Semiconductors,"Santa Clara, California",Santa Clara,California,2017-03-20T00:00:00Z,2488,1969
AME,Ametek,Industrials,Electrical Components & Equipment,"Berwyn, Pennsylvania",Berwyn,Pennsylvania,2013-09-23T00:00:00Z,1037868,1930
AMGN,Amgen,Health Care,Biotechnology,"Thousand Oaks, California",Thousand Oaks,California,1992-01-02T00:00:00Z,318154,1980
AMP,Ameriprise Financial,Financials,Asset Management & Custody Banks,"Minneapolis, Minnesota",Minneapolis,Minnesota,2005-10-03T00:00:00Z,820027,1894
AMT,American Tower,Real Estate,Telecom Tower REITs,"Boston, Massachusetts",Boston,Massachusetts,2007-11-19T00:00:00Z,1053507,1995
AMZN,Amazon,Consumer Discretionary,Broadline Retail,"Seattle, Washington",Seattle,Washington,2005-11-18T00:00:00Z,1018724,1994
ANET,Arista Networks,Information Technology,Communications Equipment,"Santa Clara, California",Santa Clara,California,2018-08-28T00:00:00Z,1596532,2004
AON,Aon plc,Financials,Insurance Brokers,"London, United Kingdom",London,United Kingdom,1996-04-23T00:00:00Z,315293,1982 (1919)
AOS,A. O. Smith,Industrials,Building Products,"Milwaukee, Wisconsin",Milwaukee,Wisconsin,2017-07-26T00:00:00Z,91142,1916
APA,APA Corporation,Energy,Oil & Gas Exploration & Production,"Houston, Texas",Houston,Texas,1997-07-28T00:00:00Z,1841666,1954
APD,Air Products,Materials,Industrial Gases,"Upper Macungie Township, Pennsylvania",Upper Macungie Township,Pennsylvania,1985-04-30T00:00:00Z,2969,1940
APH,Amphenol,Information Technology,Electronic Components,"Wallingford, Connecticut",Wallingford,Connecticut,2008-09-30T00:00:00Z,820313,1932
APO,Apollo Global Management,Financials,Asset Management & Custody Banks,"New York City, New York",New York City,New York,2024-12-23T00:00:00Z,1858681,1990
APP,AppLovin,Information Technology,Application Software,"Palo Alto, California",Palo Alto,California,2025-09-22T00:00:00Z,1751008,2012
APTV,Aptiv,Consumer Discretionary,Automotive Parts & Equipment,"Dublin, Ireland",Dublin,Ireland,2012-12-24T00:00:00Z,1521332,1994
ARE,Alexandria Real Estate Equities,Real Estate,Office REITs,"Pasadena, California",Pasadena,California,2017-03-20T00:00:00Z,1035443,1994
ARES,Ares Management,Financials,Asset Management & Custody Banks,"Los Angeles, California",Los Angeles,California,2025-12-11T00:00:00Z,1176948,1977
ATO,Atmos Energy,Utilities,Gas Utilities,"Dallas, Texas",Dallas,Texas,2019-02-15T00:00:00Z,731802,1906
AVB,AvalonBay Communities,Real Estate,Multi-Family Residential REITs,"Arlington, Virginia",Arlington,Virginia,2007-01-10T00:00:00Z,915912,1978
AVGO,Broadcom,Information Technology,Semiconductors,"Palo Alto, California",Palo Alto,California,2014-05-08T00:00:00Z,1730168,1961
AVY,Avery Dennison,Materials,Paper & Plastic Packaging Products & Materials,"Mentor, Ohio",Mentor,Ohio,1987-12-31T00:00:00Z,8818,1935
AWK,American Water Works,Utilities,Water Utilities,"Camden, New Jersey",Camden,New Jersey,2016-03-04T00:00:00Z,1410636,1886
AXON,Axon Enterprise,Industrials,Aerospace & Defense,"Scottsdale, Arizona",Scottsdale,Arizona,2023-05-04T00:00:00Z,1069183,1993
AXP,American Express,Financials,Consumer Finance,"New York City, New York",New York City,New York,1976-06-30T00:00:00Z,4962,1850
AZO,AutoZone,Consumer Discretionary,Automotive Retail,"Memphis, Tennessee",Memphis,Tennessee,1997-01-02T00:00:00Z,866787,1979
BA,Boeing,Industrials,Aerospace & Defense,"Arlington, Virginia",Arlington,Virginia,1957-03-04T00:00:00Z,12927,1916
BAC,Bank of America,Financials,Diversified Banks,"Charlotte, North Carolina",Charlotte,North Carolina,1976-06-30T00:00:00Z,70858,1998 (1923 / 1874)
BALL,Ball Corporation,Materials,"Metal, Glass & Plastic Containers","Broomfield, Colorado",Broomfield,Colorado,1984-10-31T00:00:00Z,9389,1880
BAX,Baxter International,Health Care,Health Care Equipment,"Deerfield, Illinois",Deerfield,Illinois,1972-09-30T00:00:00Z,10456,1931
BBY,Best Buy,Consumer Discretionary,Computer & Electronics Retail,"Richfield, Minnesota",Richfield,Minnesota,1999-06-29T00:00:00Z,764478,1966
BDX,Becton Dickinson,Health Care,Health Care Equipment,"Franklin Lakes, New Jersey",Franklin Lakes,New Jersey,1972-09-30T00:00:00Z,10795,1897
BEN,Franklin Resources,Financials,Asset Management & Custody Banks,"San Mateo, California",San Mateo,California,1998-04-30T00:00:00Z,38777,1947
BF.B,Brown–Forman,Consumer Staples,Distillers & Vintners,"Louisville, Kentucky",Louisville,Kentucky,1982-10-31T00:00:00Z,14693,1870
BG,Bunge Global,Consumer Staples,Agricultural Products & Services,"Chesterfield, Missouri",Chesterfield,Missouri,2023-03-15T00:00:00Z,1996862,1818
BIIB,Biogen,Health Care,Biotechnology,"Cambridge, Massachusetts",Cambridge,Massachusetts,2003-11-13T00:00:00Z,875045,1978
BK,BNY Mellon,Financials,Asset Management & Custody Banks,"New York City, New York",New York City,New York,1995-03-31T00:00:00Z,1390777,1784
BKNG,Booking Holdings,Consumer Discretionary,"Hotels, Resorts & Cruise Lines","Norwalk, Connecticut",Norwalk,Connecticut,2009-11-06T00:00:00Z,1075531,1996
BKR,Baker Hughes,Energy,Oil & Gas Equipment & Services,"Houston, Texas",Houston,Texas,2017-07-07T00:00:00Z,1701605,2017
BLDR,Builders FirstSource,Industrials,Building Products,"Irving, Texas",Irving,Texas,2023-12-18T00:00:00Z,1316835,1998
BLK,BlackRock,Financials,Asset Management & Custody Banks,"New York City, New York",New York City,New York,2011-04-04T00:00:00Z,2012383,1988
BMY,Bristol Myers Squibb,Health Care,Pharmaceuticals,"New York City, New York",New York City,New York,1957-03-04T00:00:00Z,14272,1989 (1887)
BR,Broadridge Financial Solutions,Industrials,Data Processing & Outsourced Services,"Lake Success, New York",Lake Success,New York,2018-06-18T00:00:00Z,1383312,1962
BRK.B,Berkshire Hathaway,Financials,Multi-Sector Holdings,"Omaha, Nebraska",Omaha,Nebraska,2010-02-16T00:00:00Z,1067983,1839
BRO,Brown & Brown,Financials,Insurance Brokers,"Daytona Beach, Florida",Daytona Beach,Florida,2021-09-20T00:00:00Z,79282,1939
BSX,Boston Scientific,Health Care,Health Care Equipment,"Marlborough, Massachusetts",Marlborough,Massachusetts,1995-02-24T00:00:00Z,885725,1979
BX,Blackstone Inc.,Financials,Asset Management & Custody Banks,"New York City, New York",New York City,New York,2023-09-18T00:00:00Z,1393818,1985
BXP,"BXP, Inc.",Real Estate,Office REITs,"Boston, Massachusetts",Boston,Massachusetts,2006-04-03T00:00:00Z,1037540,1970
C,Citigroup,Financials,Diversified Banks,"New York City, New York",New York City,New York,1988-05-31T00:00:00Z,831001,1998
CAG,Conagra Brands,Consumer Staples,Packaged Foods & Meats,"Chicago, Illinois",Chicago,Illinois,1983-08-31T00:00:00Z,23217,1919
CAH,Cardinal Health,Health Care,Health Care Distributors,"Dublin, Ohio",Dublin,Ohio,1997-05-27T00:00:00Z,721371,1971
CARR,Carrier Global,Industrials,Building Products,"Palm Beach Gardens, Florida",Palm Beach Gardens,Florida,2020-04-03T00:00:00Z,1783180,"2020 (1915, United Technologies spinoff)"
CAT,Caterpillar Inc.,Industrials,Construction Machinery & Heavy Transportation Equipment,"Irving, Texas",Irving,Texas,1957-03-04T00:00:00Z,18230,1925
CB,Chubb Limited,Financials,Property & Casualty Insurance,"Zurich, Switzerland",Zurich,Switzerland,2010-07-15T00:00:00Z,896159,1985
CBOE,Cboe Global Markets,Financials,Financial Exchanges & Data,"Chicago, Illinois",Chicago,Illinois,2017-03-01T00:00:00Z,1374310,1973
CBRE,CBRE Group,Real Estate,Real Estate Services,"Dallas, Texas",Dallas,Texas,2006-11-10T00:00:00Z,1138118,1906
CCI,Crown Castle,Real Estate,Telecom Tower REITs,"Houston, Texas",Houston,Texas,2012-03-14T00:00:00Z,1051470,1994
CCL,Carnival,Consumer Discretionary,"Hotels, Resorts & Cruise Lines","Miami, Florida",Miami,Florida,1998-12-22T00:00:00Z,815097,1972
CDNS,Cadence Design Systems,Information Technology,Application Software,"San Jose, California",San Jose,California,2017-09-18T00:00:00Z,813672,1988
CDW,CDW Corporation,Information Technology,Technology Distributors,"Vernon Hills, Illinois",Vernon Hills,Illinois,2019-09-23T00:00:00Z,1402057,1984
CEG,Constellation Energy,Utilities,Electric Utilities,"Baltimore, Maryland",Baltimore,Maryland,2022-02-02T00:00:00Z,1868275,1999
CF,CF Industries,Materials,Fertilizers & Agricultural Chemicals,"Deerfield, Illinois",Deerfield,Illinois,2008-08-27T00:00:00Z,1324404,1946
CFG,Citizens Financial Group,Financials,Regional Banks,"Providence, Rhode Island",Providence,Rhode Island,2016-01-29T00:00:00Z,759944,1828
CHD,Church & Dwight,Consumer Staples,Household Products,"Ewing, New Jersey",Ewing,New Jersey,2015-12-29T00:00:00Z,313927,1847
CHRW,C.H. Robinson,Industrials,Air Freight & Logistics,"Eden Prairie, Minnesota",Eden Prairie,Minnesota,2007-03-02T00:00:00Z,1043277,1905
CHTR,Charter Communications,Communication Services,Cable & Satellite,"Stamford, Connecticut",Stamford,Connecticut,2016-09-08T00:00:00Z,1091667,1993
CI,Cigna,Health Care,Health Care Services,"Bloomfield, Connecticut",Bloomfield,Connecticut,1976-06-30T00:00:00Z,1739940,1982
CINF,Cincinnati Financial,Financials,Property & Casualty Insurance,"Fairfield, Ohio",Fairfield,Ohio,1997-12-18T00:00:00Z,20286,1950
CL,Colgate-Palmolive,Consumer Staples,Household Products,"New York City, New York",New York City,New York,1957-03-04T00:00:00Z,21665,1806
CLX,Clorox,Consumer Staples,Household Products,"Oakland, California",Oakland,California,1969-03-31T00:00:00Z,21076,1913
CMCSA,Comcast,Communication Services,Cable & Satellite,"Philadelphia, Pennsylvania",Philadelphia,Pennsylvania,2002-11-19T00:00:00Z,1166691,1963
CME,CME Group,Financials,Financial Exchanges & Data,"Chicago, Illinois",Chicago,Illinois,2006-08-11T00:00:00Z,1156375,1848
CMG,Chipotle Mexican Grill,Consumer Discretionary,Restaurants,"Newport Beach, California",Newport Beach,California,2011-04-28T00:00:00Z,1058090,1993
CMI,Cummins,Industrials,Construction Machinery & Heavy Transportation Equipment,"Columbus, Indiana",Columbus,Indiana,1965-03-31T00:00:00Z,26172,1919
CMS,CMS Energy,Utilities,Multi-Utilities,"Jackson, Michigan",Jackson,Michigan,1957-03-04T00:00:00Z,811156,1886
CNC,Centene Corporation,Health Care,Managed Health Care,"St. Louis, Missouri",St. Louis,Missouri,2016-03-30T00:00:00Z,1071739,1984
CNP,CenterPoint Energy,Utilities,Multi-Utilities,"Houston, Texas",Houston,Texas,1985-07-31T00:00:00Z,1130310,1882
COF,Capital One,Financials,Consumer Finance,"Tysons Corner, Virginia",Tysons Corner,Virginia,1998-07-01T00:00:00Z,927628,1994
COIN,Coinbase,Financials,Financial Exchanges & Data,"New York City, New York",New York City,New York,2025-05-19T00:00:00Z,1679788,2012
COO,Cooper Companies (The),Health Care,Health Care Supplies,"San Ramon, California",San Ramon,California,2016-09-23T00:00:00Z,711404,1958
COP,ConocoPhillips,Energy,Oil & Gas Exploration & Production,"Houston, Texas",Houston,Texas,1957-03-04T00:00:00Z,1163165,2002
COR,Cencora,Health Care,Health Care Distributors,"Conshohocken, Pennsylvania",Conshohocken,Pennsylvania,2001-08-30T00:00:00Z,1140859,1985
COST,Costco,Consumer Staples,Consumer Staples Merchandise Retail,"Issaquah, Washington",Issaquah,Washington,1993-10-01T00:00:00Z,909832,1976
CPAY,Corpay,Financials,Transaction & Payment Processing Services,"Atlanta, Georgia",Atlanta,Georgia,2018-06-20T00:00:00Z,1175454,2000
CPB,Campbell's Company (The),Consumer Staples,Packaged Foods & Meats,"Camden, New Jersey",Camden,New Jersey,1957-03-04T00:00:00Z,16732,1869
CPRT,Copart,Industrials,Diversified Support Services,"Dallas, Texas",Dallas,Texas,2018-07-02T00:00:00Z,900075,1982
CPT,Camden Property Trust,Real Estate,Multi-Family Residential REITs,"Houston, Texas",Houston,Texas,2022-04-04T00:00:00Z,906345,1981
CRH,CRH plc,Materials,Construction Materials,"Dublin, Ireland",Dublin,Ireland,2025-12-22T00:00:00Z,849395,1970
CRL,Charles River Laboratories,Health Care,Life Sciences Tools & Services,"Wilmington, Massachusetts",Wilmington,Massachusetts,2021-05-14T00:00:00Z,1100682,1947
CRM,Salesforce,Information Technology,Application Software,"San Francisco, California",San Francisco,California,2008-09-15T00:00:00Z,1108524,1999
CRWD,CrowdStrike,Information Technology,Systems Software,"Austin, Texas",Austin,Texas,2024-06-24T00:00:00Z,1535527,2011
CSCO,Cisco,Information Technology,Communications Equipment,"San Jose, California",San Jose,California,1993-12-01T00:00:00Z,858877,1984
CSGP,CoStar Group,Real Estate,Real Estate Services,"Washington, D.C.",Washington,D.C.,2022-09-19T00:00:00Z,1057352,1987
CSX,CSX Corporation,Industrials,Rail Transportation,"Jacksonville, Florida",Jacksonville,Florida,1957-03-04T00:00:00Z,277948,1980
CTAS,Cintas,Industrials,Diversified Support Services,"Mason, Ohio",Mason,Ohio,2001-03-01T00:00:00Z,723254,1929
CTRA,Coterra,Energy,Oil & Gas Exploration & Production,"Houston, Texas",Houston,Texas,2008-06-23T00:00:00Z,858470,2021 (1989)
CTSH,Cognizant,Information Technology,IT Consulting & Other Services,"Teaneck, New Jersey",Teaneck,New Jersey,2006-11-17T00:00:00Z,1058290,1994
CTVA,Corteva,Materials,Fertilizers & Agricultural Chemicals,"Indianapolis, Indiana",Indianapolis,Indiana,2019-06-03T00:00:00Z,1755672,2019
CVNA,Carvana,Consumer Discretionary,Automotive Retail,"Tempe, Arizona",Tempe,Arizona,2025-12-22T00:00:00Z,1690820,2012
CVS,CVS Health,Health Care,Health Care Services,"Woonsocket, Rhode Island",Woonsocket,Rhode Island,1957-03-04T00:00:00Z,64803,1996
CVX,Chevron Corporation,Energy,Integrated Oil & Gas,"Houston, Texas",Houston,Texas,1957-03-04T00:00:00Z,93410,1879
D,Dominion Energy,Utilities,Multi-Utilities,"Richmond, Virginia",Richmond,Virginia,2016-11-30T00:00:00Z,715957,1983
DAL,Delta Air Lines,Industrials,Passenger Airlines,"Atlanta, Georgia",Atlanta,Georgia,2013-09-11T00:00:00Z,27904,1929
DASH,DoorDash,Consumer Discretionary,Specialized Consumer Services,"San Francisco, California",San Francisco,California,2025-03-24T00:00:00Z,1792789,2012
DD,DuPont,Materials,Specialty Chemicals,"Wilmington, Delaware",Wilmington,Delaware,2019-06-03T00:00:00Z,1666700,2017 (1802)
DDOG,Datadog,Information Technology,Application Software,"New York City, New York",New York City,New York,2025-07-09T00:00:00Z,1561550,2010
DE,Deere & Company,Industrials,Agricultural & Farm Machinery,"Moline, Illinois",Moline,Illinois,1957-03-04T00:00:00Z,315189,1837
DECK,Deckers Brands,Consumer Discretionary,Footwear,"Goleta, California",Goleta,California,2024-03-18T00:00:00Z,910521,1973
DELL,Dell Technologies,Information Technology,"Technology Hardware, Storage & Peripherals","Round Rock, Texas",Round Rock,Texas,2024-09-23T00:00:00Z,1571996,2016
DG,Dollar General,Consumer Staples,Consumer Staples Merchandise Retail,"Goodlettsville, Tennessee",Goodlettsville,Tennessee,2012-12-03T00:00:00Z,29534,1939
DGX,Quest Diagnostics,Health Care,Health Care Services,"Secaucus, New Jersey",Secaucus,New Jersey,2002-12-12T00:00:00Z,1022079,1967
DHI,D. R. Horton,Consumer Discretionary,Homebuilding,"Arlington, Texas",Arlington,Texas,2005-06-22T00:00:00Z,882184,1978
DHR,Danaher Corporation,Health Care,Life Sciences Tools & Services,"Washington, D.C.",Washington,D.C.,1998-11-18T00:00:00Z,313616,1969
DIS,Walt Disney Company (The),Communication Services,Movies & Entertainment,"Burbank, California",Burbank,California,1976-06-30T00:00:00Z,1744489,1923
DLR,Digital Realty,Real Estate,Data Center REITs,"Austin, Texas",Austin,Texas,2016-05-18T00:00:00Z,1297996,2004
DLTR,Dollar Tree,Consumer Staples,Consumer Staples Merchandise Retail,"Chesapeake, Virginia",Chesapeake,Virginia,2011-12-19T00:00:00Z,935703,1986
DOC,Healthpeak Properties,Real Estate,Health Care REITs,"Denver, Colorado",Denver,Colorado,2008-03-31T00:00:00Z,765880,1985
DOV,Dover Corporation,Industrials,Industrial Machinery & Supplies & Components,"Downers Grove, Illinois",Downers Grove,Illinois,1985-10-31T00:00:00Z,29905,1955
DOW,Dow Inc.,Materials,Commodity Chemicals,"Midland, Michigan",Midland,Michigan,2019-04-01T00:00:00Z,1751788,2019 (1897)
DPZ,Domino's,Consumer Discretionary,Restaurants,"Ann Arbor, Michigan",Ann Arbor,Michigan,2020-05-12T00:00:00Z,1286681,1960
DRI,Darden Restaurants,Consumer Discretionary,Restaurants,"Orlando, Florida",Orlando,Florida,1995-05-31T00:00:00Z,940944,1938
DTE,DTE Energy,Utilities,Multi-Utilities,"Detroit, Michigan",Detroit,Michigan,1957-03-04T00:00:00Z,936340,1995
DUK,Duke Energy,Utilities,Electric Utilities,"Charlotte, North Carolina",Charlotte,North Carolina,1976-06-30T00:00:00Z,1326160,1904
DVA,DaVita,Health Care,Health Care Services,"Denver, Colorado",Denver,Colorado,2008-07-31T00:00:00Z,927066,1979
DVN,Devon Energy,Energy,Oil & Gas Exploration & Production,"Oklahoma City, Oklahoma",Oklahoma City,Oklahoma,2000-08-30T00:00:00Z,1090012,1971
DXCM,Dexcom,Health Care,Health Care Equipment,"San Diego, California",San Diego,California,2020-05-12T00:00:00Z,1093557,1999
EA,Electronic Arts,Communication Services,Interactive Home Entertainment,"Redwood City, California",Redwood City,California,2002-07-22T00:00:00Z,712515,1982
EBAY,eBay Inc.,Consumer Discretionary,Broadline Retail,"San Jose, California",San Jose,California,2002-07-22T00:00:00Z,1065088,1995
ECL,Ecolab,Materials,Specialty Chemicals,"Saint Paul, Minnesota",Saint Paul,Minnesota,1989-01-31T00:00:00Z,31462,1923
ED,Consolidated Edison,Utilities,Multi-Utilities,"New York City, New York",New York City,New York,1957-03-04T00:00:00Z,1047862,1823
EFX,Equifax,Industrials,Research & Consulting Services,"Atlanta, Georgia",Atlanta,Georgia,1997-06-19T00:00:00Z,33185,1899
EG,Everest Group,Financials,Reinsurance,"Hamilton, Bermuda",Hamilton,Bermuda,2017-06-19T00:00:00Z,1095073,1973
EIX,Edison International,Utilities,Electric Utilities,"Rosemead, California",Rosemead,California,1957-03-04T00:00:00Z,827052,1886
EL,Estée Lauder Companies (The),Consumer Staples,Personal Care Products,"New York City, New York",New York City,New York,2006-01-05T00:00:00Z,1001250,1946
ELV,Elevance Health,Health Care,Managed Health Care,"Indianapolis, Indiana",Indianapolis,Indiana,2002-07-25T00:00:00Z,1156039,2014 (1946)
EME,Emcor,Industrials,Construction & Engineering,"Norwalk, Connecticut",Norwalk,Connecticut,2025-09-22T00:00:00Z,105634,1994
EMR,Emerson Electric,Industrials,Electrical Components & Equipment,"Ferguson, Missouri",Ferguson,Missouri,1965-03-31T00:00:00Z,32604,1890
EOG,EOG Resources,Energy,Oil & Gas Exploration & Production,"Houston, Texas",Houston,Texas,2000-11-02T00:00:00Z,821189,1999
EPAM,EPAM Systems,Information Technology,IT Consulting & Other Services,"Newtown, Pennsylvania",Newtown,Pennsylvania,2021-12-14T00:00:00Z,1352010,1993
EQIX,Equinix,Real Estate,Data Center REITs,"Redwood City, California",Redwood City,California,2015-03-20T00:00:00Z,1101239,1998
EQR,Equity Residential,Real Estate,Multi-Family Residential REITs,"Chicago, Illinois",Chicago,Illinois,2001-12-03T00:00:00Z,906107,1969
EQT,EQT Corporation,Energy,Oil & Gas Exploration & Production,"Pittsburgh, Pennsylvania",Pittsburgh,Pennsylvania,2022-10-03T00:00:00Z,33213,1888
ERIE,Erie Indemnity,Financials,Insurance Brokers,"Erie, Pennsylvania",Erie,Pennsylvania,2024-09-23T00:00:00Z,922621,1925
ES,Eversource Energy,Utilities,Electric Utilities,"Hartford, Connecticut",Hartford,Connecticut,2009-07-24T00:00:00Z,72741,1966
ESS,Essex Property Trust,Real Estate,Multi-Family Residential REITs,"San Mateo, California",San Mateo,California,2014-04-02T00:00:00Z,920522,1971
ETN,Eaton Corporation,Industrials,Electrical Components & Equipment,"Dublin, Ireland",Dublin,Ireland,1957-03-04T00:00:00Z,1551182,1911
ETR,Entergy,Utilities,Electric Utilities,"New Orleans, Louisiana",New Orleans,Louisiana,1957-03-04T00:00:00Z,65984,1913
EVRG,Evergy,Utilities,Electric Utilities,"Kansas City, Missouri",Kansas City,Missouri,2018-06-05T00:00:00Z,1711269,1909
EW,Edwards Lifesciences,Health Care,Health Care Equipment,"Irvine, California",Irvine,California,2011-04-01T00:00:00Z,1099800,1958
EXC,Exelon,Utilities,Electric Utilities,"Chicago, Illinois",Chicago,Illinois,1957-03-04T00:00:00Z,1109357,2000
EXE,Expand Energy,Energy,Oil & Gas Exploration & Production,"Oklahoma City, Oklahoma",Oklahoma City,Oklahoma,2025-03-24T00:00:00Z,895126,1989
EXPD,Expeditors International,Industrials,Air Freight & Logistics,"Seattle, Washington",Seattle,Washington,2007-10-10T00:00:00Z,746515,1979
EXPE,Expedia Group,Consumer Discretionary,"Hotels, Resorts & Cruise Lines","Seattle, Washington",Seattle,Washington,2007-10-02T00:00:00Z,1324424,1996
EXR,Extra Space Storage,Real Estate,Self-Storage REITs,"Salt Lake City, Utah",Salt Lake City,Utah,2016-01-19T00:00:00Z,1289490,1977
F,Ford Motor Company,Consumer Discretionary,Automobile Manufacturers,"Dearborn, Michigan",Dearborn,Michigan,1957-03-04T00:00:00Z,37996,1903
FANG,Diamondback Energy,Energy,Oil & Gas Exploration & Production,"Midland, Texas",Midland,Texas,2018-12-03T00:00:00Z,1539838,2007
FAST,Fastenal,Industrials,Trading Companies & Distributors,"Winona, Minnesota",Winona,Minnesota,2008-09-15T00:00:00Z,815556,1967
FCX,Freeport-McMoRan,Materials,Copper,"Phoenix, Arizona",Phoenix,Arizona,2011-07-01T00:00:00Z,831259,1912
FDS,FactSet,Financials,Financial Exchanges & Data,"Norwalk, Connecticut",Norwalk,Connecticut,2021-12-20T00:00:00Z,1013237,1978
FDX,FedEx,Industrials,Air Freight & Logistics,"Memphis, Tennessee",Memphis,Tennessee,1980-12-31T00:00:00Z,1048911,1971
FE,FirstEnergy,Utilities,Electric Utilities,"Akron, Ohio",Akron,Ohio,1997-11-28T00:00:00Z,1031296,1997
FFIV,"F5, Inc.",Information Technology,Communications Equipment,"Seattle, Washington",Seattle,Washington,2010-12-20T00:00:00Z,1048695,1996
FICO,Fair Isaac,Information Technology,Application Software,"Bozeman, Montana",Bozeman,Montana,2023-03-20T00:00:00Z,814547,1956
FIS,Fidelity National Information Services,Financials,Transaction & Payment Processing Services,"Jacksonville, Florida",Jacksonville,Florida,2006-11-10T00:00:00Z,1136893,1968
FISV,Fiserv,Financials,Transaction & Payment Processing Services,"Brookfield, Wisconsin",Brookfield,Wisconsin,2001-04-02T00:00:00Z,798354,1984
FITB,Fifth Third Bancorp,Financials,Regional Banks,"Cincinnati, Ohio",Cincinnati,Ohio,1996-03-29T00:00:00Z,35527,1858
FIX,Comfort Systems USA,Industrials,Construction & Engineering,"Houston, Texas",Houston,Texas,2025-12-22T00:00:00Z,1035983,1997
FOX,Fox Corporation (Class B),Communication Services,Broadcasting,"New York City, New York",New York City,New York,2019-03-19T00:00:00Z,1754301,2019
FOXA,Fox Corporation (Class A),Communication Services,Broadcasting,"New York City, New York",New York City,New York,2019-03-19T00:00:00Z,1754301,2019
FRT,Federal Realty Investment Trust,Real Estate,Retail REITs,"Rockville, Maryland",Rockville,Maryland,2016-02-01T00:00:00Z,34903,1962
FSLR,First Solar,Information Technology,Semiconductors,"Tempe, Arizona",Tempe,Arizona,2022-12-19T00:00:00Z,1274494,1999
FTNT,Fortinet,Information Technology,Systems Software,"Sunnyvale, California",Sunnyvale,California,2018-10-11T00:00:00Z,1262039,2000
FTV,Fortive,Industrials,Industrial Machinery & Supplies & Components,"Everett, Washington",Everett,Washington,2016-07-01T00:00:00Z,1659166,2016
GD,General Dynamics,Industrials,Aerospace & Defense,"Reston, Virginia",Reston,Virginia,1957-03-04T00:00:00Z,40533,1899
GDDY,GoDaddy,Information Technology,Internet Services & Infrastructure,"Tempe, Arizona",Tempe,Arizona,2024-06-24T00:00:00Z,1609711,1997
GE,GE Aerospace,Industrials,Aerospace & Defense,"Evendale, Ohio",Evendale,Ohio,1957-03-04T00:00:00Z,40545,1892
GEHC,GE HealthCare,Health Care,Health Care Equipment,"Chicago, Illinois",Chicago,Illinois,2023-01-04T00:00:00Z,1932393,1994
GEN,Gen Digital,Information Technology,Systems Software,"Tempe, Arizona",Tempe,Arizona,2003-03-25T00:00:00Z,849399,1982
GEV,GE Vernova,Industrials,Heavy Electrical Equipment,"Cambridge, Massachusetts",Cambridge,Massachusetts,2024-04-02T00:00:00Z,1996810,2024
GILD,Gilead Sciences,Health Care,Biotechnology,"Foster City, California",Foster City,California,2004-07-01T00:00:00Z,882095,1987
GIS,General Mills,Consumer Staples,Packaged Foods & Meats,"Golden Valley, Minnesota",Golden Valley,Minnesota,1957-03-04T00:00:00Z,40704,1856
GL,Globe Life,Financials,Life & Health Insurance,"McKinney, Texas",McKinney,Texas,1989-04-30T00:00:00Z,320335,1900
GLW,Corning Inc.,Information Technology,Electronic Components,"Corning, New York",Corning,New York,1995-02-27T00:00:00Z,24741,1851
GM,General Motors,Consumer Discretionary,Automobile Manufacturers,"Detroit, Michigan",Detroit,Michigan,2013-06-06T00:00:00Z,1467858,1908
GNRC,Generac,Industrials,Electrical Components & Equipment,"Waukesha, Wisconsin",Waukesha,Wisconsin,2021-03-22T00:00:00Z,1474735,1959
GOOG,Alphabet Inc. (Class C),Communication Services,Interactive Media & Services,"Mountain View, California",Mountain View,California,2014-04-03T00:00:00Z,1652044,1998
GOOGL,Alphabet Inc. (Class A),Communication Services,Interactive Media & Services,"Mountain View, California",Mountain View,California,2006-04-03T00:00:00Z,1652044,1998
GPC,Genuine Parts Company,Consumer Discretionary,Distributors,"Atlanta, Georgia",Atlanta,Georgia,1973-12-31T00:00:00Z,40987,1925
GPN,Global Payments,Financials,Transaction & Payment Processing Services,"Atlanta, Georgia",Atlanta,Georgia,2016-04-25T00:00:00Z,1123360,2000
GRMN,Garmin,Consumer Discretionary,Consumer Electronics,"Schaffhausen, Switzerland",Schaffhausen,Switzerland,2012-12-12T00:00:00Z,1121788,1989
GS,Goldman Sachs,Financials,Investment Banking & Brokerage,"New York City, New York",New York City,New York,2002-07-22T00:00:00Z,886982,1869
GWW,W. W. Grainger,Industrials,Industrial Machinery & Supplies & Components,"Lake Forest, Illinois",Lake Forest,Illinois,1981-06-30T00:00:00Z,277135,1927
HAL,Halliburton,Energy,Oil & Gas Equipment & Services,"Houston, Texas",Houston,Texas,1957-03-04T00:00:00Z,45012,1919
HAS,Hasbro,Consumer Discretionary,Leisure Products,"Pawtucket, Rhode Island",Pawtucket,Rhode Island,1984-09-30T00:00:00Z,46080,1923
HBAN,Huntington Bancshares,Financials,Regional Banks,"Columbus, Ohio",Columbus,Ohio,1997-08-28T00:00:00Z,49196,1866
HCA,HCA Healthcare,Health Care,Health Care Facilities,"Nashville, Tennessee",Nashville,Tennessee,2015-01-27T00:00:00Z,860730,1968
HD,Home Depot (The),Consumer Discretionary,Home Improvement Retail,"Atlanta, Georgia",Atlanta,Georgia,1988-03-31T00:00:00Z,354950,1978
HIG,Hartford (The),Financials,Property & Casualty Insurance,"Hartford, Connecticut",Hartford,Connecticut,1957-03-04T00:00:00Z,874766,1810
HII,Huntington Ingalls Industries,Industrials,Aerospace & Defense,"Newport News, Virginia",Newport News,Virginia,2018-01-03T00:00:00Z,1501585,2011
HLT,Hilton Worldwide,Consumer Discretionary,"Hotels, Resorts & Cruise Lines","Tysons Corner, Virginia",Tysons Corner,Virginia,2017-06-19T00:00:00Z,1585689,1919
HOLX,Hologic,Health Care,Health Care Equipment,"Marlborough, Massachusetts",Marlborough,Massachusetts,2016-03-30T00:00:00Z,859737,1985
HON,Honeywell,Industrials,Industrial Conglomerates,"Charlotte, North Carolina",Charlotte,North Carolina,1957-03-04T00:00:00Z,773840,1906
HOOD,Robinhood Markets,Financials,Investment Banking & Brokerage,"Menlo Park, California",Menlo Park,California,2025-09-22T00:00:00Z,1783879,2013
HPE,Hewlett Packard Enterprise,Information Technology,"Technology Hardware, Storage & Peripherals","Houston, Texas",Houston,Texas,2015-11-02T00:00:00Z,1645590,2015
HPQ,HP Inc.,Information Technology,"Technology Hardware, Storage & Peripherals","Palo Alto, California",Palo Alto,California,1974-12-31T00:00:00Z,47217,1939 (2015)
HRL,Hormel Foods,Consumer Staples,Packaged Foods & Meats,"Austin, Minnesota",Austin,Minnesota,2009-03-04T00:00:00Z,48465,1891
HSIC,Henry Schein,Health Care,Health Care Distributors,"Melville, New York",Melville,New York,2015-03-17T00:00:00Z,1000228,1932
HST,Host Hotels & Resorts,Real Estate,Hotel & Resort REITs,"Bethesda, Maryland",Bethesda,Maryland,2007-03-20T00:00:00Z,1070750,1993
HSY,Hershey Company (The),Consumer Staples,Packaged Foods & Meats,"Hershey, Pennsylvania",Hershey,Pennsylvania,1957-03-04T00:00:00Z,47111,1894
HUBB,Hubbell Incorporated,Industrials,Industrial Machinery & Supplies & Components,"Shelton, Connecticut",Shelton,Connecticut,2023-10-18T00:00:00Z,48898,1888
HUM,Humana,Health Care,Managed Health Care,"Louisville, Kentucky",Louisville,Kentucky,2012-12-10T00:00:00Z,49071,1961
HWM,Howmet Aerospace,Industrials,Aerospace & Defense,"Pittsburgh, Pennsylvania",Pittsburgh,Pennsylvania,2016-10-21T00:00:00Z,4281,1888
IBKR,Interactive Brokers,Financials,Investment Banking & Brokerage,"Greenwich, Connecticut",Greenwich,Connecticut,2025-08-28T00:00:00Z,1381197,1977
IBM,IBM,Information Technology,IT Consulting & Other Services,"Armonk, New York",Armonk,New York,1957-03-04T00:00:00Z,51143,1911
ICE,Intercontinental Exchange,Financials,Financial Exchanges & Data,"Atlanta, Georgia",Atlanta,Georgia,2007-09-26T00:00:00Z,1571949,2000
IDXX,Idexx Laboratories,Health Care,Health Care Equipment,"Westbrook, Maine",Westbrook,Maine,2017-01-05T00:00:00Z,874716,1983
IEX,IDEX Corporation,Industrials,Industrial Machinery & Supplies & Components,"Northbrook, Illinois",Northbrook,Illinois,2019-08-09T00:00:00Z,832101,1988
IFF,International Flavors & Fragrances,Materials,Specialty Chemicals,"New York City, New York",New York City,New York,1976-03-31T00:00:00Z,51253,1958 (1889)
INCY,Incyte,Health Care,Biotechnology,"Wilmington, Delaware",Wilmington,Delaware,2017-02-28T00:00:00Z,879169,1991
INTC,Intel,Information Technology,Semiconductors,"Santa Clara, California",Santa Clara,California,1976-12-31T00:00:00Z,50863,1968
INTU,Intuit,Information Technology,Application Software,"Mountain View, California",Mountain View,California,2000-12-05T00:00:00Z,896878,1983
INVH,Invitation Homes,Real Estate,Single-Family Residential REITs,"Dallas, Texas",Dallas,Texas,2022-09-19T00:00:00Z,1687229,2012
IP,International Paper,Materials,Paper & Plastic Packaging Products & Materials,"Memphis, Tennessee",Memphis,Tennessee,1957-03-04T00:00:00Z,51434,1898
IQV,IQVIA,Health Care,Life Sciences Tools & Services,"Durham, North Carolina",Durham,North Carolina,2017-08-29T00:00:00Z,1478242,1982
IR,Ingersoll Rand,Industrials,Industrial Machinery & Supplies & Components,"Davidson, North Carolina",Davidson,North Carolina,2020-03-03T00:00:00Z,1699150,1859
IRM,Iron Mountain,Real Estate,Other Specialized REITs,"Portsmouth, New Hampshire",Portsmouth,New Hampshire,2009-01-06T00:00:00Z,1020569,1951
ISRG,Intuitive Surgical,Health Care,Health Care Equipment,"Sunnyvale, California",Sunnyvale,California,2008-06-02T00:00:00Z,1035267,1995
IT,Gartner,Information Technology,IT Consulting & Other Services,"Stamford, Connecticut",Stamford,Connecticut,2017-04-05T00:00:00Z,749251,1979
ITW,Illinois Tool Works,Industrials,Industrial Machinery & Supplies & Components,"Glenview, Illinois",Glenview,Illinois,1986-02-28T00:00:00Z,49826,1912
IVZ,Invesco,Financials,Asset Management & Custody Banks,"Atlanta, Georgia",Atlanta,Georgia,2008-08-21T00:00:00Z,914208,1935
J,Jacobs Solutions,Industrials,Construction & Engineering,"Dallas, Texas",Dallas,Texas,2007-10-26T00:00:00Z,52988,1947
JBHT,J.B. Hunt,Industrials,Cargo Ground Transportation,"Lowell, Arkansas",Lowell,Arkansas,2015-07-01T00:00:00Z,728535,1961
JBL,Jabil,Information Technology,Electronic Manufacturing Services,"St. Petersburg, Florida",St. Petersburg,Florida,2023-12-18T00:00:00Z,898293,1966
JCI,Johnson Controls,Industrials,Building Products,"Cork, Ireland",Cork,Ireland,2010-08-27T00:00:00Z,833444,1885
JKHY,Jack Henry & Associates,Financials,Transaction & Payment Processing Services,"Monett, Missouri",Monett,Missouri,2018-11-13T00:00:00Z,779152,1976
JNJ,Johnson & Johnson,Health Care,Pharmaceuticals,"New Brunswick, New Jersey",New Brunswick,New Jersey,1973-06-30T00:00:00Z,200406,1886
JPM,JPMorgan Chase,Financials,Diversified Banks,"New York City, New York",New York City,New York,1975-06-30T00:00:00Z,19617,2000 (1799 / 1871)
KDP,Keurig Dr Pepper,Consumer Staples,Soft Drinks & Non-alcoholic Beverages,"Burlington, Massachusetts",Burlington,Massachusetts,2022-06-21T00:00:00Z,1418135,1981
KEY,KeyCorp,Financials,Regional Banks,"Cleveland, Ohio",Cleveland,Ohio,1994-03-01T00:00:00Z,91576,1825
KEYS,Keysight Technologies,Information Technology,Electronic Equipment & Instruments,"Santa Rosa, California",Santa Rosa,California,2018-11-06T00:00:00Z,1601046,2014 (1939)
KHC,Kraft Heinz,Consumer Staples,Packaged Foods & Meats,"Chicago, Illinois",Chicago,Illinois,2015-07-06T00:00:00Z,1637459,2015 (1869)
KIM,Kimco Realty,Real Estate,Retail REITs,"Jericho, New York",Jericho,New York,2006-04-04T00:00:00Z,879101,1958
KKR,KKR & Co.,Financials,Asset Management & Custody Banks,"New York City, New York",New York City,New York,2024-06-24T00:00:00Z,1404912,1976
KLAC,KLA Corporation,Information Technology,Semiconductor Materials & Equipment,"Milpitas, California",Milpitas,California,1997-09-30T00:00:00Z,319201,1975/1977 (1997)
KMB,Kimberly-Clark,Consumer Staples,Household Products,"Irving, Texas",Irving,Texas,1957-03-04T00:00:00Z,55785,1872
KMI,Kinder Morgan,Energy,Oil & Gas Storage & Transportation,"Houston, Texas",Houston,Texas,2012-05-25T00:00:00Z,1506307,1997
KO,Coca-Cola Company (The),Consumer Staples,Soft Drinks & Non-alcoholic Beverages,"Atlanta, Georgia",Atlanta,Georgia,1957-03-04T00:00:00Z,21344,1886
KR,Kroger,Consumer Staples,Food Retail,"Cincinnati, Ohio",Cincinnati,Ohio,1957-03-04T00:00:00Z,56873,1883
KVUE,Kenvue,Consumer Staples,Personal Care Products,"Skillman, New Jersey",Skillman,New Jersey,2023-08-25T00:00:00Z,1944048,2022 (Johnson & Johnson spinoff)
L,Loews Corporation,Financials,Multi-line Insurance,"New York City, New York",New York City,New York,1995-05-31T00:00:00Z,60086,1959
LDOS,Leidos,Industrials,Diversified Support Services,"Reston, Virginia",Reston,Virginia,2019-08-09T00:00:00Z,1336920,1969
LEN,Lennar,Consumer Discretionary,Homebuilding,"Miami, Florida",Miami,Florida,2005-10-04T00:00:00Z,920760,1954
LH,Labcorp,Health Care,Health Care Services,"Burlington, North Carolina",Burlington,North Carolina,2004-11-01T00:00:00Z,920148,1978
LHX,L3Harris,Industrials,Aerospace & Defense,"Melbourne, Florida",Melbourne,Florida,2008-09-22T00:00:00Z,202058,"2019 (L3 1997, Harris 1895)"
LII,Lennox International,Industrials,Building Products,"Richardson, Texas",Richardson,Texas,2024-12-23T00:00:00Z,1069202,1895
LIN,Linde plc,Materials,Industrial Gases,"Guildford, United Kingdom",Guildford,United Kingdom,1992-07-01T00:00:00Z,1707925,1879
LLY,Lilly (Eli),Health Care,Pharmaceuticals,"Indianapolis, Indiana",Indianapolis,Indiana,1970-12-31T00:00:00Z,59478,1876
LMT,Lockheed Martin,Industrials,Aerospace & Defense,"Bethesda, Maryland",Bethesda,Maryland,1957-03-04T00:00:00Z,936468,1995
LNT,Alliant Energy,Utilities,Electric Utilities,"Madison, Wisconsin",Madison,Wisconsin,2016-07-01T00:00:00Z,352541,1917
LOW,Lowe's,Consumer Discretionary,Home Improvement Retail,"Mooresville, North Carolina",Mooresville,North Carolina,1984-02-29T00:00:00Z,60667,1904/1946/1959
LRCX,Lam Research,Information Technology,Semiconductor Materials & Equipment,"Fremont, California",Fremont,California,2012-06-29T00:00:00Z,707549,1980
LULU,Lululemon Athletica,Consumer Discretionary,"Apparel, Accessories & Luxury Goods","Vancouver, Canada",Vancouver,Canada,2023-10-18T00:00:00Z,1397187,1998
LUV,Southwest Airlines,Industrials,Passenger Airlines,"Dallas, Texas",Dallas,Texas,1994-07-01T00:00:00Z,92380,1967
LVS,Las Vegas Sands,Consumer Discretionary,Casinos & Gaming,"Las Vegas, Nevada",Las Vegas,Nevada,2019-10-03T00:00:00Z,1300514,1988
LW,Lamb Weston,Consumer Staples,Packaged Foods & Meats,"Eagle, Idaho",Eagle,Idaho,2018-12-03T00:00:00Z,1679273,2016 (1950)
LYB,LyondellBasell,Materials,Specialty Chemicals,"Rotterdam, Netherlands",Rotterdam,Netherlands,2012-09-05T00:00:00Z,1489393,2007
LYV,Live Nation Entertainment,Communication Services,Movies & Entertainment,"Beverly Hills, California",Beverly Hills,California,2019-12-23T00:00:00Z,1335258,2010
MA,Mastercard,Financials,Transaction & Payment Processing Services,"Harrison, New York",Harrison,New York,2008-07-18T00:00:00Z,1141391,1966
MAA,Mid-America Apartment Communities,Real Estate,Multi-Family Residential REITs,"Memphis, Tennessee",Memphis,Tennessee,2016-12-02T00:00:00Z,912595,1977
MAR,Marriott International,Consumer Discretionary,"Hotels, Resorts & Cruise Lines","Bethesda, Maryland",Bethesda,Maryland,1998-05-29T00:00:00Z,1048286,1927
MAS,Masco,Industrials,Building Products,"Livonia, Michigan",Livonia,Michigan,1981-06-30T00:00:00Z,62996,1929
MCD,McDonald's,Consumer Discretionary,Restaurants,"Chicago, Illinois",Chicago,Illinois,1970-06-30T00:00:00Z,63908,1940
MCHP,Microchip Technology,Information Technology,Semiconductors,"Chandler, Arizona",Chandler,Arizona,2007-09-07T00:00:00Z,827054,1989
MCK,McKesson Corporation,Health Care,Health Care Distributors,"Irving, Texas",Irving,Texas,1999-01-13T00:00:00Z,927653,1833
MCO,Moody's Corporation,Financials,Financial Exchanges & Data,"New York City, New York",New York City,New York,1998-07-01T00:00:00Z,1059556,1909
MDLZ,Mondelez International,Consumer Staples,Packaged Foods & Meats,"Chicago, Illinois",Chicago,Illinois,2012-10-02T00:00:00Z,1103982,2012
MDT,Medtronic,Health Care,Health Care Equipment,"Dublin, Ireland",Dublin,Ireland,1986-10-31T00:00:00Z,1613103,1949
MET,MetLife,Financials,Life & Health Insurance,"New York City, New York",New York City,New York,2000-12-11T00:00:00Z,1099219,1868
META,Meta Platforms,Communication Services,Interactive Media & Services,"Menlo Park, California",Menlo Park,California,2013-12-23T00:00:00Z,1326801,2004
MGM,MGM Resorts,Consumer Discretionary,Casinos & Gaming,"Paradise, Nevada",Paradise,Nevada,2017-07-26T00:00:00Z,789570,1986
MKC,McCormick & Company,Consumer Staples,Packaged Foods & Meats,"Hunt Valley, Maryland",Hunt Valley,Maryland,2003-03-20T00:00:00Z,63754,1889
MLM,Martin Marietta Materials,Materials,Construction Materials,"Raleigh, North Carolina",Raleigh,North Carolina,2014-07-02T00:00:00Z,916076,1993
MMM,3M,Industrials,Industrial Conglomerates,"Saint Paul, Minnesota",Saint Paul,Minnesota,1957-03-04T00:00:00Z,66740,1902
MNST,Monster Beverage,Consumer Staples,Soft Drinks & Non-alcoholic Beverages,"Corona, California",Corona,California,2012-06-28T00:00:00Z,865752,2012 (1935)
MO,Altria,Consumer Staples,Tobacco,"Richmond, Virginia",Richmond,Virginia,1957-03-04T00:00:00Z,764180,1985
MOH,Molina Healthcare,Health Care,Managed Health Care,"Long Beach, California",Long Beach,California,2022-03-02T00:00:00Z,1179929,1980
MOS,Mosaic Company (The),Materials,Fertilizers & Agricultural Chemicals,"Tampa, Florida",Tampa,Florida,2011-09-26T00:00:00Z,1285785,2004 (1865 / 1909)
MPC,Marathon Petroleum,Energy,Oil & Gas Refining & Marketing,"Findlay, Ohio",Findlay,Ohio,2011-07-01T00:00:00Z,1510295,2009 (1887)
MPWR,Monolithic Power Systems,Information Technology,Semiconductors,"Kirkland, Washington",Kirkland,Washington,2021-02-12T00:00:00Z,1280452,1997
MRK,Merck & Co.,Health Care,Pharmaceuticals,"Kenilworth, New Jersey",Kenilworth,New Jersey,1957-03-04T00:00:00Z,310158,1891
MRNA,Moderna,Health Care,Biotechnology,"Cambridge, Massachusetts",Cambridge,Massachusetts,2021-07-21T00:00:00Z,1682852,2010
MRSH,Marsh McLennan,Financials,Insurance Brokers,"New York City, New York",New York City,New York,1987-08-31T00:00:00Z,62709,1905
MS,Morgan Stanley,Financials,Investment Banking & Brokerage,"New York City, New York",New York City,New York,1993-07-29T00:00:00Z,895421,1935
MSCI,MSCI Inc.,Financials,Financial Exchanges & Data,"New York City, New York",New York City,New York,2018-04-04T00:00:00Z,1408198,1969
MSFT,Microsoft,Information Technology,Systems Software,"Redmond, Washington",Redmond,Washington,1994-06-01T00:00:00Z,789019,1975
MSI,Motorola Solutions,Information Technology,Communications Equipment,"Chicago, Illinois",Chicago,Illinois,1957-03-04T00:00:00Z,68505,1928 (2011)
MTB,M&T Bank,Financials,Regional Banks,"Buffalo, New York",Buffalo,New York,2004-02-23T00:00:00Z,36270,1856
MTCH,Match Group,Communication Services,Interactive Media & Services,"Dallas, Texas",Dallas,Texas,2021-09-20T00:00:00Z,891103,1986
MTD,Mettler Toledo,Health Care,Life Sciences Tools & Services,"Columbus, Ohio",Columbus,Ohio,2016-09-06T00:00:00Z,1037646,1945
MU,Micron Technology,Information Technology,Semiconductors,"Boise, Idaho",Boise,Idaho,1994-09-27T00:00:00Z,723125,1978
NCLH,Norwegian Cruise Line Holdings,Consumer Discretionary,"Hotels, Resorts & Cruise Lines","Miami-Dade County, Florida",Miami-Dade County,Florida,2017-10-13T00:00:00Z,1513761,2011 (1966)
NDAQ,"Nasdaq, Inc.",Financials,Financial Exchanges & Data,"New York City, New York",New York City,New York,2008-10-22T00:00:00Z,1120193,1971
NDSN,Nordson Corporation,Industrials,Industrial Machinery & Supplies & Components,"Westlake, Ohio",Westlake,Ohio,2022-02-15T00:00:00Z,72331,1935
NEE,NextEra Energy,Utilities,Multi-Utilities,"Juno Beach, Florida",Juno Beach,Florida,1976-06-30T00:00:00Z,753308,1984 (1925)
NEM,Newmont,Materials,Gold,"Denver, Colorado",Denver,Colorado,1969-06-30T00:00:00Z,1164727,1921
NFLX,Netflix,Communication Services,Movies & Entertainment,"Los Gatos, California",Los Gatos,California,2010-12-20T00:00:00Z,1065280,1997
NI,NiSource,Utilities,Multi-Utilities,"Merrillville, Indiana",Merrillville,Indiana,2000-11-02T00:00:00Z,1111711,1912
NKE,"Nike, Inc.",Consumer Discretionary,"Apparel, Accessories & Luxury Goods","Washington County, Oregon",Washington County,Oregon,1988-11-30T00:00:00Z,320187,1964
NOC,Northrop Grumman,Industrials,Aerospace & Defense,"West Falls Church, Virginia",West Falls Church,Virginia,1957-03-04T00:00:00Z,1133421,"1994 (Northrop 1939, Grumman 1930)"
NOW,ServiceNow,Information Technology,Systems Software,"Santa Clara, California",Santa Clara,California,2019-11-21T00:00:00Z,1373715,2003
NRG,NRG Energy,Utilities,Independent Power Producers & Energy Traders,"Houston, Texas",Houston,Texas,2010-01-29T00:00:00Z,1013871,1992
NSC,Norfolk Southern,Industrials,Rail Transportation,"Atlanta, Georgia",Atlanta,Georgia,1957-03-04T00:00:00Z,702165,1881/1894 (1980)
NTAP,NetApp,Information Technology,"Technology Hardware, Storage & Peripherals","San Jose, California",San Jose,California,1999-06-25T00:00:00Z,1002047,1992
NTRS,Northern Trust,Financials,Asset Management & Custody Banks,"Chicago, Illinois",Chicago,Illinois,1998-01-30T00:00:00Z,73124,1889
NUE,Nucor,Materials,Steel,"Charlotte, North Carolina",Charlotte,North Carolina,1985-04-30T00:00:00Z,73309,1940
NVDA,Nvidia,Information Technology,Semiconductors,"Santa Clara, California",Santa Clara,California,2001-11-30T00:00:00Z,1045810,1993
NVR,"NVR, Inc.",Consumer Discretionary,Homebuilding,"Reston, Virginia",Reston,Virginia,2019-09-26T00:00:00Z,906163,1980
NWS,News Corp (Class B),Communication Services,Publishing,"New York City, New York",New York City,New York,2015-09-18T00:00:00Z,1564708,2013 (News Corporation 1980)
NWSA,News Corp (Class A),Communication Services,Publishing,"New York City, New York",New York City,New York,2013-08-01T00:00:00Z,1564708,2013 (News Corporation 1980)
NXPI,NXP Semiconductors,Information Technology,Semiconductors,"Eindhoven, Netherlands",Eindhoven,Netherlands,2021-03-22T00:00:00Z,1413447,1953
O,Realty Income,Real Estate,Retail REITs,"San Diego, California",San Diego,California,2015-04-07T00:00:00Z,726728,1969
ODFL,Old Dominion,Industrials,Cargo Ground Transportation,"Thomasville, North Carolina",Thomasville,North Carolina,2019-12-09T00:00:00Z,878927,1934
OKE,Oneok,Energy,Oil & Gas Storage & Transportation,"Tulsa, Oklahoma",Tulsa,Oklahoma,2010-03-15T00:00:00Z,1039684,1906
OMC,Omnicom Group,Communication Services,Advertising,"New York City, New York",New York City,New York,1997-12-31T00:00:00Z,29989,1986
ON,ON Semiconductor,Information Technology,Semiconductors,"Phoenix, Arizona",Phoenix,Arizona,2022-06-21T00:00:00Z,1097864,1999
ORCL,Oracle Corporation,Information Technology,Application Software,"Austin, Texas",Austin,Texas,1989-08-31T00:00:00Z,1341439,1977
ORLY,O’Reilly Automotive,Consumer Discretionary,Automotive Retail,"Springfield, Missouri",Springfield,Missouri,2009-03-27T00:00:00Z,898173,1957
OTIS,Otis Worldwide,Industrials,Industrial Machinery & Supplies & Components,"Farmington, Connecticut",Farmington,Connecticut,2020-04-03T00:00:00Z,1781335,"2020 (1853, United Technologies spinoff)"
OXY,Occidental Petroleum,Energy,Oil & Gas Exploration & Production,"Houston, Texas",Houston,Texas,1957-03-04T00:00:00Z,797468,1920
PANW,Palo Alto Networks,Information Technology,Systems Software,"Santa Clara, California",Santa Clara,California,2023-06-20T00:00:00Z,1327567,2005
PAYC,Paycom,Industrials,Human Resource & Employment Services,"Oklahoma City, Oklahoma",Oklahoma City,Oklahoma,2020-01-28T00:00:00Z,1590955,1998
PAYX,Paychex,Industrials,Human Resource & Employment Services,"Penfield, New York",Penfield,New York,1998-10-01T00:00:00Z,723531,1971
PCAR,Paccar,Industrials,Construction Machinery & Heavy Transportation Equipment,"Bellevue, Washington",Bellevue,Washington,1980-12-31T00:00:00Z,75362,1905
PCG,PG&E Corporation,Utilities,Multi-Utilities,"Oakland, California",Oakland,California,2022-10-03T00:00:00Z,1004980,1905
PEG,Public Service Enterprise Group,Utilities,Electric Utilities,"Newark, New Jersey",Newark,New Jersey,1957-03-04T00:00:00Z,788784,1903
PEP,PepsiCo,Consumer Staples,Soft Drinks & Non-alcoholic Beverages,"Purchase, New York",Purchase,New York,1957-03-04T00:00:00Z,77476,1898
PFE,Pfizer,Health Care,Pharmaceuticals,"New York City, New York",New York City,New York,1957-03-04T00:00:00Z,78003,1849
PFG,Principal Financial Group,Financials,Life & Health Insurance,"Des Moines, Iowa",Des Moines,Iowa,2002-07-22T00:00:00Z,1126328,1879
PG,Procter & Gamble,Consumer Staples,Personal Care Products,"Cincinnati, Ohio",Cincinnati,Ohio,1957-03-04T00:00:00Z,80424,1837
PGR,Progressive Corporation,Financials,Property & Casualty Insurance,"Mayfield Village, Ohio",Mayfield Village,Ohio,1997-08-04T00:00:00Z,80661,1937
PH,Parker Hannifin,Industrials,Industrial Machinery & Supplies & Components,"Cleveland, Ohio",Cleveland,Ohio,1985-11-30T00:00:00Z,76334,1917
PHM,PulteGroup,Consumer Discretionary,Homebuilding,"Atlanta, Georgia",Atlanta,Georgia,1984-04-30T00:00:00Z,822416,1956
PKG,Packaging Corporation of America,Materials,Paper & Plastic Packaging Products & Materials,"Lake Forest, Illinois",Lake Forest,Illinois,2017-07-26T00:00:00Z,75677,1959
PLD,Prologis,Real Estate,Industrial REITs,"San Francisco, California",San Francisco,California,2003-07-17T00:00:00Z,1045609,1983
PLTR,Palantir Technologies,Information Technology,Application Software,"Denver, Colorado",Denver,Colorado,2024-09-23T00:00:00Z,1321655,2003
PM,Philip Morris International,Consumer Staples,Tobacco,"New York City, New York",New York City,New York,2008-03-31T00:00:00Z,1413329,2008 (1847)
PNC,PNC Financial Services,Financials,Diversified Banks,"Pittsburgh, Pennsylvania",Pittsburgh,Pennsylvania,1988-04-30T00:00:00Z,713676,1845
PNR,Pentair,Industrials,Industrial Machinery & Supplies & Components,"Worsley, United Kingdom",Worsley,United Kingdom,2012-10-01T00:00:00Z,77360,1966
PNW,Pinnacle West Capital,Utilities,Multi-Utilities,"Phoenix, Arizona",Phoenix,Arizona,1999-10-04T00:00:00Z,764622,1985
PODD,Insulet Corporation,Health Care,Health Care Equipment,"Acton, Massachusetts",Acton,Massachusetts,2023-03-15T00:00:00Z,1145197,2000
POOL,Pool Corporation,Consumer Discretionary,Distributors,"Covington, Louisiana",Covington,Louisiana,2020-10-07T00:00:00Z,945841,1993
PPG,PPG Industries,Materials,Specialty Chemicals,"Pittsburgh, Pennsylvania",Pittsburgh,Pennsylvania,1957-03-04T00:00:00Z,79879,1883
PPL,PPL Corporation,Utilities,Electric Utilities,"Allentown, Pennsylvania",Allentown,Pennsylvania,2001-10-01T00:00:00Z,922224,1920
PRU,Prudential Financial,Financials,Life & Health Insurance,"Newark, New Jersey",Newark,New Jersey,2002-07-22T00:00:00Z,1137774,1875
PSA,Public Storage,Real Estate,Self-Storage REITs,"Glendale, California",Glendale,California,2005-08-19T00:00:00Z,1393311,1972
PSKY,Paramount Skydance Corporation,Communication Services,Movies & Entertainment,"Los Angeles, California",Los Angeles,California,1994-09-30T00:00:00Z,2041610,2025 (Paramount Pictures 1912)
PSX,Phillips 66,Energy,Oil & Gas Refining & Marketing,"Houston, Texas",Houston,Texas,2012-05-01T00:00:00Z,1534701,2012 (1917)
PTC,PTC Inc.,Information Technology,Application Software,"Boston, Massachusetts",Boston,Massachusetts,2021-04-20T00:00:00Z,857005,1985
PWR,Quanta Services,Industrials,Construction & Engineering,"Houston, Texas",Houston,Texas,2009-07-01T00:00:00Z,1050915,1997
PYPL,PayPal,Financials,Transaction & Payment Processing Services,"San Jose, California",San Jose,California,2015-07-20T00:00:00Z,1633917,1998
Q,Qnity Electronics,Information Technology,Semiconductor Materials & Equipment,"Wilmington, Delaware",Wilmington,Delaware,2025-11-03T00:00:00Z,2058873,2025
QCOM,Qualcomm,Information Technology,Semiconductors,"San Diego, California",San Diego,California,1999-07-22T00:00:00Z,804328,1985
RCL,Royal Caribbean Group,Consumer Discretionary,"Hotels, Resorts & Cruise Lines","Miami, Florida",Miami,Florida,2014-12-05T00:00:00Z,884887,1997
REG,Regency Centers,Real Estate,Retail REITs,"Jacksonville, Florida",Jacksonville,Florida,2017-03-02T00:00:00Z,910606,1963
REGN,Regeneron Pharmaceuticals,Health Care,Biotechnology,"Tarrytown, New York",Tarrytown,New York,2013-05-01T00:00:00Z,872589,1988
RF,Regions Financial Corporation,Financials,Regional Banks,"Birmingham, Alabama",Birmingham,Alabama,1998-08-28T00:00:00Z,1281761,1971
RJF,Raymond James Financial,Financials,Investment Banking & Brokerage,"St. Petersburg, Florida",St. Petersburg,Florida,2017-03-20T00:00:00Z,720005,1962
RL,Ralph Lauren Corporation,Consumer Discretionary,"Apparel, Accessories & Luxury Goods","New York City, New York",New York City,New York,2007-02-02T00:00:00Z,1037038,1967
RMD,ResMed,Health Care,Health Care Equipment,"San Diego, California",San Diego,California,2017-07-26T00:00:00Z,943819,1989
ROK,Rockwell Automation,Industrials,Electrical Components & Equipment,"Milwaukee, Wisconsin",Milwaukee,Wisconsin,2000-03-12T00:00:00Z,1024478,1903
ROL,"Rollins, Inc.",Industrials,Environmental & Facilities Services,"Atlanta, Georgia",Atlanta,Georgia,2018-10-01T00:00:00Z,84839,1948
ROP,Roper Technologies,Information Technology,Electronic Equipment & Instruments,"Sarasota, Florida",Sarasota,Florida,2009-12-23T00:00:00Z,882835,1981
ROST,Ross Stores,Consumer Discretionary,Apparel Retail,"Dublin, California",Dublin,California,2009-12-21T00:00:00Z,745732,1982
RSG,Republic Services,Industrials,Environmental & Facilities Services,"Phoenix, Arizona",Phoenix,Arizona,2008-12-05T00:00:00Z,1060391,1998 (1981)
RTX,RTX Corporation,Industrials,Aerospace & Defense,"Waltham, Massachusetts",Waltham,Massachusetts,1957-03-04T00:00:00Z,101829,1922
RVTY,Revvity,Health Care,Health Care Equipment,"Waltham, Massachusetts",Waltham,Massachusetts,1985-05-31T00:00:00Z,31791,1937
SBAC,SBA Communications,Real Estate,Telecom Tower REITs,"Boca Raton, Florida",Boca Raton,Florida,2017-09-01T00:00:00Z,1034054,1989
SBUX,Starbucks,Consumer Discretionary,Restaurants,"Seattle, Washington",Seattle,Washington,2000-06-07T00:00:00Z,829224,1971
SCHW,Charles Schwab Corporation,Financials,Investment Banking & Brokerage,"Westlake, Texas",Westlake,Texas,1997-06-02T00:00:00Z,316709,1971
SHW,Sherwin-Williams,Materials,Specialty Chemicals,"Cleveland, Ohio",Cleveland,Ohio,1964-06-30T00:00:00Z,89800,1866
SJM,J.M. Smucker Company (The),Consumer Staples,Packaged Foods & Meats,"Orrville, Ohio",Orrville,Ohio,2008-11-06T00:00:00Z,91419,1897
SLB,Schlumberger,Energy,Oil & Gas Equipment & Services,"Houston, Texas",Houston,Texas,1957-03-04T00:00:00Z,87347,1926
SMCI,Supermicro,Information Technology,"Technology Hardware, Storage & Peripherals","San Jose, California",San Jose,California,2024-03-18T00:00:00Z,1375365,1993
SNA,Snap-on,Industrials,Industrial Machinery & Supplies & Components,"Kenosha, Wisconsin",Kenosha,Wisconsin,1982-09-30T00:00:00Z,91440,1920
SNDK,Sandisk,Information Technology,"Technology Hardware, Storage & Peripherals","Milpitas, California",Milpitas,California,2025-11-28T00:00:00Z,2023554,1988
SNPS,Synopsys,Information Technology,Application Software,"Sunnyvale, California",Sunnyvale,California,2017-03-16T00:00:00Z,883241,1986
SO,Southern Company,Utilities,Electric Utilities,"Atlanta, Georgia",Atlanta,Georgia,1957-03-04T00:00:00Z,92122,1945
SOLV,Solventum,Health Care,Health Care Technology,"Saint Paul, Minnesota",Saint Paul,Minnesota,2024-04-01T00:00:00Z,1964738,2023
SPG,Simon Property Group,Real Estate,Retail REITs,"Indianapolis, Indiana",Indianapolis,Indiana,2002-06-26T00:00:00Z,1063761,2003
SPGI,S&P Global,Financials,Financial Exchanges & Data,"New York City, New York",New York City,New York,1957-03-04T00:00:00Z,64040,1917
SRE,Sempra,Utilities,Multi-Utilities,"San Diego, California",San Diego,California,2017-03-17T00:00:00Z,1032208,1998
STE,Steris,Health Care,Health Care Equipment,"Dublin, Ireland",Dublin,Ireland,2019-12-23T00:00:00Z,1757898,1985
STLD,Steel Dynamics,Materials,Steel,"Fort Wayne, Indiana",Fort Wayne,Indiana,2022-12-22T00:00:00Z,1022671,1993
STT,State Street Corporation,Financials,Asset Management & Custody Banks,"Boston, Massachusetts",Boston,Massachusetts,2003-03-14T00:00:00Z,93751,1792
STX,Seagate Technology,Information Technology,"Technology Hardware, Storage & Peripherals","Dublin, Ireland",Dublin,Ireland,2012-07-02T00:00:00Z,1137789,1979
STZ,Constellation Brands,Consumer Staples,Distillers & Vintners,"Rochester, New York",Rochester,New York,2005-07-01T00:00:00Z,16918,1945
SW,Smurfit Westrock,Materials,Paper & Plastic Packaging Products & Materials,"Dublin, Ireland",Dublin,Ireland,2024-07-08T00:00:00Z,2005951,1934
SWK,Stanley Black & Decker,Industrials,Industrial Machinery & Supplies & Components,"New Britain, Connecticut",New Britain,Connecticut,1982-09-30T00:00:00Z,93556,1843
SWKS,Skyworks Solutions,Information Technology,Semiconductors,"Irvine, California",Irvine,California,2015-03-12T00:00:00Z,4127,2002
SYF,Synchrony Financial,Financials,Consumer Finance,"Stamford, Connecticut",Stamford,Connecticut,2015-11-18T00:00:00Z,1601712,2003
SYK,Stryker Corporation,Health Care,Health Care Equipment,"Kalamazoo, Michigan",Kalamazoo,Michigan,2000-12-12T00:00:00Z,310764,1941
SYY,Sysco,Consumer Staples,Food Distributors,"Houston, Texas",Houston,Texas,1986-12-31T00:00:00Z,96021,1969
T,AT&T,Communication Services,Integrated Telecommunication Services,"Dallas, Texas",Dallas,Texas,1983-11-30T00:00:00Z,732717,1983 (1885)
TAP,Molson Coors Beverage Company,Consumer Staples,Brewers,"Chicago, Illinois",Chicago,Illinois,1976-06-30T00:00:00Z,24545,"2005 (Molson 1786, Coors 1873)"
TDG,TransDigm Group,Industrials,Aerospace & Defense,"Cleveland, Ohio",Cleveland,Ohio,2016-06-03T00:00:00Z,1260221,1993
TDY,Teledyne Technologies,Information Technology,Electronic Equipment & Instruments,"Thousand Oaks, California",Thousand Oaks,California,2020-06-22T00:00:00Z,1094285,1960
TECH,Bio-Techne,Health Care,Life Sciences Tools & Services,"Minneapolis, Minnesota",Minneapolis,Minnesota,2021-08-30T00:00:00Z,842023,1976
TEL,TE Connectivity,Information Technology,Electronic Manufacturing Services,"Galway, Ireland",Galway,Ireland,2011-10-17T00:00:00Z,1385157,2007
TER,Teradyne,Information Technology,Semiconductor Materials & Equipment,"North Reading, Massachusetts",North Reading,Massachusetts,2020-09-21T00:00:00Z,97210,1960
TFC,Truist Financial,Financials,Diversified Banks,"Charlotte, North Carolina",Charlotte,North Carolina,1997-12-04T00:00:00Z,92230,1872
TGT,Target Corporation,Consumer Staples,Consumer Staples Merchandise Retail,"Minneapolis, Minnesota",Minneapolis,Minnesota,1976-12-31T00:00:00Z,27419,1902
TJX,TJX Companies,Consumer Discretionary,Apparel Retail,"Framingham, Massachusetts",Framingham,Massachusetts,1985-09-30T00:00:00Z,109198,1987
TKO,TKO Group Holdings,Communication Services,Movies & Entertainment,"New York City, New York",New York City,New York,2025-03-24T00:00:00Z,1973266,2023
TMO,Thermo Fisher Scientific,Health Care,Life Sciences Tools & Services,"Waltham, Massachusetts",Waltham,Massachusetts,2004-08-03T00:00:00Z,97745,2006 (1902)
TMUS,T-Mobile US,Communication Services,Wireless Telecommunication Services,"Bellevue, Washington",Bellevue,Washington,2019-07-15T00:00:00Z,1283699,1994
TPL,Texas Pacific Land Corporation,Energy,Oil & Gas Exploration & Production,"Dallas, Texas",Dallas,Texas,2024-11-26T00:00:00Z,1811074,1888
TPR,"Tapestry, Inc.",Consumer Discretionary,"Apparel, Accessories & Luxury Goods","New York City, New York",New York City,New York,2004-09-01T00:00:00Z,1116132,2017
TRGP,Targa Resources,Energy,Oil & Gas Storage & Transportation,"Houston, Texas",Houston,Texas,2022-10-12T00:00:00Z,1389170,2005
TRMB,Trimble Inc.,Information Technology,Electronic Equipment & Instruments,"Westminster, Colorado",Westminster,Colorado,2021-01-21T00:00:00Z,864749,1978
TROW,T. Rowe Price,Financials,Asset Management & Custody Banks,"Baltimore, Maryland",Baltimore,Maryland,2019-07-29T00:00:00Z,1113169,1937
TRV,Travelers Companies (The),Financials,Property & Casualty Insurance,"New York City, New York",New York City,New York,2002-08-21T00:00:00Z,86312,1853
TSCO,Tractor Supply,Consumer Discretionary,Other Specialty Retail,"Brentwood, Tennessee",Brentwood,Tennessee,2014-01-24T00:00:00Z,916365,1938
TSLA,"Tesla, Inc.",Consumer Discretionary,Automobile Manufacturers,"Austin, Texas",Austin,Texas,2020-12-21T00:00:00Z,1318605,2003
TSN,Tyson Foods,Consumer Staples,Packaged Foods & Meats,"Springdale, Arkansas",Springdale,Arkansas,2005-08-10T00:00:00Z,100493,1935
TT,Trane Technologies,Industrials,Building Products,"Dublin, Ireland",Dublin,Ireland,2010-11-17T00:00:00Z,1466258,1871
TTD,Trade Desk (The),Communication Services,Advertising,"Ventura, California",Ventura,California,2025-07-18T00:00:00Z,1671933,2009
TTWO,Take-Two Interactive,Communication Services,Interactive Home Entertainment,"New York City, New York",New York City,New York,2018-03-19T00:00:00Z,946581,1993
TXN,Texas Instruments,Information Technology,Semiconductors,"Dallas, Texas",Dallas,Texas,2001-03-12T00:00:00Z,97476,1930
TXT,Textron,Industrials,Aerospace & Defense,"Providence, Rhode Island",Providence,Rhode Island,1978-12-31T00:00:00Z,217346,1923
TYL,Tyler Technologies,Information Technology,Application Software,"Plano, Texas",Plano,Texas,2020-06-22T00:00:00Z,860731,1966
UAL,United Airlines Holdings,Industrials,Passenger Airlines,"Chicago, Illinois",Chicago,Illinois,2015-09-03T00:00:00Z,100517,1967
UBER,Uber,Industrials,Passenger Ground Transportation,"San Francisco, California",San Francisco,California,2023-12-18T00:00:00Z,1543151,2009
UDR,"UDR, Inc.",Real Estate,Multi-Family Residential REITs,"Highlands Ranch, Colorado",Highlands Ranch,Colorado,2016-03-07T00:00:00Z,74208,1972
UHS,Universal Health Services,Health Care,Health Care Facilities,"King of Prussia, Pennsylvania",King of Prussia,Pennsylvania,2014-09-20T00:00:00Z,352915,1979
ULTA,Ulta Beauty,Consumer Discretionary,Other Specialty Retail,"Bolingbrook, Illinois",Bolingbrook,Illinois,2016-04-18T00:00:00Z,1403568,1990
UNH,UnitedHealth Group,Health Care,Managed Health Care,"Eden Prairie, Minnesota",Eden Prairie,Minnesota,1994-07-01T00:00:00Z,731766,1977
UNP,Union Pacific Corporation,Industrials,Rail Transportation,"Omaha, Nebraska",Omaha,Nebraska,1957-03-04T00:00:00Z,100885,1862
UPS,United Parcel Service,Industrials,Air Freight & Logistics,"Sandy Springs, Georgia",Sandy Springs,Georgia,2002-07-22T00:00:00Z,1090727,1907
URI,United Rentals,Industrials,Trading Companies & Distributors,"Stamford, Connecticut",Stamford,Connecticut,2014-09-20T00:00:00Z,1067701,1997
USB,U.S. Bancorp,Financials,Diversified Banks,"Minneapolis, Minnesota",Minneapolis,Minnesota,1999-11-01T00:00:00Z,36104,1968
V,Visa Inc.,Financials,Transaction & Payment Processing Services,"San Francisco, California",San Francisco,California,2009-12-21T00:00:00Z,1403161,1958
VICI,Vici Properties,Real Estate,Hotel & Resort REITs,"New York City, New York",New York City,New York,2022-06-08T00:00:00Z,1705696,2017
VLO,Valero Energy,Energy,Oil & Gas Refining & Marketing,"San Antonio, Texas",San Antonio,Texas,2002-12-20T00:00:00Z,1035002,1980
VLTO,Veralto,Industrials,Environmental & Facilities Services,"Waltham, Massachusetts",Waltham,Massachusetts,2023-10-02T00:00:00Z,1967680,2023
VMC,Vulcan Materials Company,Materials,Construction Materials,"Birmingham, Alabama",Birmingham,Alabama,1999-06-30T00:00:00Z,1396009,1909
VRSK,Verisk Analytics,Industrials,Research & Consulting Services,"Jersey City, New Jersey",Jersey City,New Jersey,2015-10-08T00:00:00Z,1442145,1971
VRSN,Verisign,Information Technology,Internet Services & Infrastructure,"Reston, Virginia",Reston,Virginia,2006-02-01T00:00:00Z,1014473,1995
VRTX,Vertex Pharmaceuticals,Health Care,Biotechnology,"Boston, Massachusetts",Boston,Massachusetts,2013-09-23T00:00:00Z,875320,1989
VST,Vistra Corp.,Utilities,Electric Utilities,"Irving, Texas",Irving,Texas,2024-05-08T00:00:00Z,1692819,2016
VTR,Ventas,Real Estate,Health Care REITs,"Chicago, Illinois",Chicago,Illinois,2009-03-04T00:00:00Z,740260,1998
VTRS,Viatris,Health Care,Pharmaceuticals,"Pittsburgh, Pennsylvania",Pittsburgh,Pennsylvania,2004-04-23T00:00:00Z,1792044,1961
VZ,Verizon,Communication Services,Integrated Telecommunication Services,"New York City, New York",New York City,New York,1983-11-30T00:00:00Z,732712,1983 (1877)
WAB,Wabtec,Industrials,Construction Machinery & Heavy Transportation Equipment,"Pittsburgh, Pennsylvania",Pittsburgh,Pennsylvania,2019-02-27T00:00:00Z,943452,1999 (1869)
WAT,Waters Corporation,Health Care,Life Sciences Tools & Services,"Milford, Massachusetts",Milford,Massachusetts,2002-01-02T00:00:00Z,1000697,1958
WBD,Warner Bros. Discovery,Communication Services,Broadcasting,"New York City, New York",New York City,New York,2022-04-11T00:00:00Z,1437107,2022 (Warner Bros. 1923)
WDAY,"Workday, Inc.",Information Technology,Application Software,"Pleasanton, California",Pleasanton,California,2024-12-23T00:00:00Z,1327811,2005
WDC,Western Digital,Information Technology,"Technology Hardware, Storage & Peripherals","San Jose, California",San Jose,California,2009-07-01T00:00:00Z,106040,1970
WEC,WEC Energy Group,Utilities,Electric Utilities,"Milwaukee, Wisconsin",Milwaukee,Wisconsin,2008-10-31T00:00:00Z,783325,1896
WELL,Welltower,Real Estate,Health Care REITs,"Toledo, Ohio",Toledo,Ohio,2009-01-30T00:00:00Z,766704,1970
WFC,Wells Fargo,Financials,Diversified Banks,"San Francisco, California",San Francisco,California,1976-06-30T00:00:00Z,72971,1852
WM,Waste Management,Industrials,Environmental & Facilities Services,"Houston, Texas",Houston,Texas,1998-08-31T00:00:00Z,823768,1968
WMB,Williams Companies,Energy,Oil & Gas Storage & Transportation,"Tulsa, Oklahoma",Tulsa,Oklahoma,1975-03-31T00:00:00Z,107263,1908
WMT,Walmart,Consumer Staples,Consumer Staples Merchandise Retail,"Bentonville, Arkansas",Bentonville,Arkansas,1982-08-31T00:00:00Z,104169,1962
WRB,W. R. Berkley Corporation,Financials,Property & Casualty Insurance,"Greenwich, Connecticut",Greenwich,Connecticut,2019-12-05T00:00:00Z,11544,1967
WSM,"Williams-Sonoma, Inc.",Consumer Discretionary,Homefurnishing Retail,"San Francisco, California",San Francisco,California,2025-03-24T00:00:00Z,719955,1956
WST,West Pharmaceutical Services,Health Care,Health Care Supplies,"Exton, Pennsylvania",Exton,Pennsylvania,2020-05-22T00:00:00Z,105770,1923
WTW,Willis Towers Watson,Financials,Insurance Brokers,"London, United Kingdom",London,United Kingdom,2016-01-05T00:00:00Z,1140536,2016
WY,Weyerhaeuser,Real Estate,Timber REITs,"Seattle, Washington",Seattle,Washington,1979-10-01T00:00:00Z,106535,1900
WYNN,Wynn Resorts,Consumer Discretionary,Casinos & Gaming,"Paradise, Nevada",Paradise,Nevada,2008-11-14T00:00:00Z,1174922,2002
XEL,Xcel Energy,Utilities,Multi-Utilities,"Minneapolis, Minnesota",Minneapolis,Minnesota,1957-03-04T00:00:00Z,72903,1909
XOM,ExxonMobil,Energy,Integrated Oil & Gas,"Irving, Texas",Irving,Texas,1957-03-04T00:00:00Z,34088,1999
XYL,Xylem Inc.,Industrials,Industrial Machinery & Supplies & Components,"White Plains, New York",White Plains,New York,2011-11-01T00:00:00Z,1524472,2011
XYZ,"Block, Inc.",Financials,Transaction & Payment Processing Services,none,none,NA,2025-07-23T00:00:00Z,1512673,2009
YUM,Yum! Brands,Consumer Discretionary,Restaurants,"Louisville, Kentucky",Louisville,Kentucky,1997-10-06T00:00:00Z,1041061,1997
ZBH,Zimmer Biomet,Health Care,Health Care Equipment,"Warsaw, Indiana",Warsaw,Indiana,2001-08-07T00:00:00Z,1136869,1927
ZBRA,Zebra Technologies,Information Technology,Electronic Equipment & Instruments,"Lincolnshire, Illinois",Lincolnshire,Illinois,2019-12-23T00:00:00Z,877212,1969
ZTS,Zoetis,Health Care,Pharmaceuticals,"Parsippany, New Jersey",Parsippany,New Jersey,2013-06-21T00:00:00Z,1555280,1952
